<?xml version="1.0" encoding="UTF-8" ?>
<CustomApplication xmlns="http://soap.sforce.com/2006/04/metadata">
    <brand>
        <headerColor>#0070D2</headerColor>
        <shouldOverrideOrgTheme>false</shouldOverrideOrgTheme>
    </brand>
    <formFactors>Small</formFactors>
    <formFactors>Large</formFactors>
    <isNavAutoTempTabsDisabled>false</isNavAutoTempTabsDisabled>
    <isNavPersonalizationDisabled>false</isNavPersonalizationDisabled>
    <isNavTabPersistenceDisabled>false</isNavTabPersistenceDisabled>
    <isOmniPinnedViewEnabled>false</isOmniPinnedViewEnabled>
    <label>LWC Recipes Console App</label>
    <navType>Console</navType>
    <tabs>Workspace_API_Tab_Launcher</tabs>
    <uiType>Lightning</uiType>
    <utilityBar>LWC_Recipes_Console_App_UtilityBar</utilityBar>
    <workspaceConfig>
        <mappings>
            <tab>Workspace_API_Tab_Launcher</tab>
        </mappings>
    </workspaceConfig>
</CustomApplication>
