[{"_allAttributes":null,"_properties":null,"_methods":null,"file":"c:/Users/madhu/OneDrive/Documents/Utilitarian/triggerProjectAssignment/force-app/main/default/lwc/lwcAssing01/lwcAssing01.js","metadata":{"decorators":[{"type":"api","targets":[{"name":"recordId","type":"property","value":{"type":"unresolved"}}]},{"type":"wire","targets":[{"name":"contacts","type":"property","static":{},"params":{"accId":"recordId"},"adapter":{"name":"getRelatedContact","reference":"@salesforce/apex/lwcNo1ConRelAcc.getRelatedContact"}}]}],"classMembers":[{"name":"columns","type":"property","loc":{"start":{"line":4,"column":4},"end":{"line":17,"column":6}}},{"name":"recordId","type":"property","value":{"type":"unresolved"},"decorator":"api","loc":{"start":{"line":18,"column":4},"end":{"line":18,"column":18}}},{"name":"contacts","type":"property","decorator":"wire","loc":{"start":{"line":19,"column":4},"end":{"line":20,"column":20}}},{"name":"contacts","type":"method","loc":{"start":{"line":21,"column":8},"end":{"line":27,"column":9}}}],"declarationLoc":{"start":{"line":3,"column":0},"end":{"line":28,"column":1}},"doc":"","exports":[{"type":"ExportDefaultDeclaration"}]},"updatedAt":"2024-08-26T06:18:03.975Z"},{"_allAttributes":null,"_properties":null,"_methods":null,"file":"c:/Users/madhu/OneDrive/Documents/Utilitarian/triggerProjectAssignment/force-app/main/default/lwc/lwcAssing02/lwcAssing02.js","metadata":{"decorators":[{"type":"api","targets":[{"name":"recordId","type":"property","value":{"type":"unresolved"}}]},{"type":"track","targets":[{"name":"firstName","type":"property"},{"name":"lastName","type":"property"},{"name":"email","type":"property"},{"name":"phone","type":"property"}]}],"classMembers":[{"name":"firstName","type":"property","decorator":"track","loc":{"start":{"line":14,"column":0},"end":{"line":14,"column":22}}},{"name":"lastName","type":"property","decorator":"track","loc":{"start":{"line":15,"column":0},"end":{"line":15,"column":21}}},{"name":"email","type":"property","decorator":"track","loc":{"start":{"line":16,"column":0},"end":{"line":16,"column":18}}},{"name":"phone","type":"property","decorator":"track","loc":{"start":{"line":17,"column":0},"end":{"line":17,"column":18}}},{"name":"recordId","type":"property","value":{"type":"unresolved"},"decorator":"api","loc":{"start":{"line":19,"column":0},"end":{"line":19,"column":14}}},{"name":"handleInputChange","type":"method","loc":{"start":{"line":21,"column":0},"end":{"line":36,"column":1}}},{"name":"newContact","type":"method","loc":{"start":{"line":38,"column":0},"end":{"line":70,"column":1}}},{"name":"handleReset","type":"method","loc":{"start":{"line":71,"column":0},"end":{"line":78,"column":1}}}],"declarationLoc":{"start":{"line":13,"column":0},"end":{"line":79,"column":1}},"doc":"","exports":[{"type":"ExportDefaultDeclaration"}]},"updatedAt":"2024-08-26T06:18:03.556Z"},{"_allAttributes":null,"_properties":null,"_methods":null,"file":"c:/Users/madhu/OneDrive/Documents/Utilitarian/triggerProjectAssignment/force-app/main/default/lwc/lwcAssingNo3/lwcAssingNo3.js","metadata":{"decorators":[{"type":"api","targets":[{"name":"recordId","type":"property","value":{"type":"unresolved"}}]},{"type":"wire","targets":[{"name":"opportunities","type":"property","static":{},"params":{"accId":"recordId"},"adapter":{"name":"getOpp","reference":"@salesforce/apex/lwcNo3GetOpp.getOpp"}}]}],"classMembers":[{"name":"columns","type":"property","loc":{"start":{"line":6,"column":4},"end":{"line":10,"column":2}}},{"name":"recordId","type":"property","value":{"type":"unresolved"},"decorator":"api","loc":{"start":{"line":12,"column":0},"end":{"line":12,"column":14}}},{"name":"opportunities","type":"property","decorator":"wire","loc":{"start":{"line":14,"column":0},"end":{"line":15,"column":19}}},{"name":"opportunities","type":"method","loc":{"start":{"line":16,"column":0},"end":{"line":22,"column":1}}}],"declarationLoc":{"start":{"line":4,"column":0},"end":{"line":23,"column":1}},"doc":"","exports":[{"type":"ExportDefaultDeclaration"}]},"updatedAt":"2024-08-26T06:18:03.588Z"},{"_allAttributes":null,"_properties":null,"_methods":null,"file":"c:/Users/madhu/OneDrive/Documents/Utilitarian/triggerProjectAssignment/force-app/main/default/lwc/lwcAssingNo4/lwcAssingNo4.js","metadata":{"decorators":[{"type":"api","targets":[{"name":"recordId","type":"property","value":{"type":"unresolved"}}]},{"type":"track","targets":[{"name":"subject","type":"property"},{"name":"description","type":"property"},{"name":"status","type":"property"},{"name":"statusOption","type":"property"}]}],"classMembers":[{"name":"recordId","type":"property","value":{"type":"unresolved"},"decorator":"api","loc":{"start":{"line":7,"column":0},"end":{"line":7,"column":14}}},{"name":"subject","type":"property","decorator":"track","loc":{"start":{"line":8,"column":0},"end":{"line":8,"column":15}}},{"name":"description","type":"property","decorator":"track","loc":{"start":{"line":9,"column":0},"end":{"line":9,"column":19}}},{"name":"status","type":"property","decorator":"track","loc":{"start":{"line":10,"column":0},"end":{"line":10,"column":14}}},{"name":"statusOption","type":"property","decorator":"track","loc":{"start":{"line":12,"column":0},"end":{"line":17,"column":2}}},{"name":"handleSubjectChange","type":"method","loc":{"start":{"line":19,"column":0},"end":{"line":21,"column":1}}},{"name":"handleDescriptionChange","type":"method","loc":{"start":{"line":22,"column":0},"end":{"line":24,"column":1}}},{"name":"handleSubjectChange","type":"method","loc":{"start":{"line":25,"column":0},"end":{"line":27,"column":1}}},{"name":"updateRecordHandler","type":"method","loc":{"start":{"line":28,"column":0},"end":{"line":51,"column":1}}}],"declarationLoc":{"start":{"line":6,"column":0},"end":{"line":53,"column":1}},"doc":"","exports":[{"type":"ExportDefaultDeclaration"}]},"updatedAt":"2024-08-26T06:18:03.791Z"},{"_allAttributes":null,"_properties":null,"_methods":null,"file":"c:/Users/madhu/OneDrive/Documents/Utilitarian/triggerProjectAssignment/force-app/main/default/lwc/lwcAssingNo5/lwcAssingNo5.js","metadata":{"decorators":[{"type":"api","targets":[{"name":"recordId","type":"property","value":{"type":"unresolved"}}]},{"type":"wire","targets":[{"type":"method","name":"wiredOpportunities","static":{},"params":{},"adapter":{"name":"upOppInline","reference":"@salesforce/apex/lwcNo5InlineOpp.upOppInline"}}]},{"type":"track","targets":[{"name":"opportunities","type":"property"},{"name":"draftValues","type":"property"}]}],"classMembers":[{"name":"recordId","type":"property","value":{"type":"unresolved"},"decorator":"api","loc":{"start":{"line":23,"column":8},"end":{"line":23,"column":22}}},{"name":"opportunities","type":"property","decorator":"track","loc":{"start":{"line":24,"column":8},"end":{"line":24,"column":33}}},{"name":"draftValues","type":"property","decorator":"track","loc":{"start":{"line":25,"column":8},"end":{"line":25,"column":32}}},{"name":"column","type":"property","loc":{"start":{"line":27,"column":8},"end":{"line":27,"column":25}}},{"name":"wiredOpportunities","type":"method","decorator":"wire","loc":{"start":{"line":28,"column":8},"end":{"line":39,"column":5}}},{"name":"handleSave","type":"method","loc":{"start":{"line":44,"column":4},"end":{"line":79,"column":5}}}],"declarationLoc":{"start":{"line":21,"column":4},"end":{"line":80,"column":1}},"doc":"","exports":[{"type":"ExportDefaultDeclaration"}]},"updatedAt":"2024-08-26T06:18:03.606Z"},{"_allAttributes":null,"_properties":null,"_methods":null,"file":"c:/Users/madhu/OneDrive/Documents/Utilitarian/triggerProjectAssignment/force-app/main/default/lwc/lifeCycleChildComponentExample/lifeCycleChildComponentExample.js","metadata":{"decorators":[],"classMembers":[{"name":"connectedCallback","type":"method","loc":{"start":{"line":8,"column":4},"end":{"line":10,"column":5}}},{"name":"renderedCallback","type":"method","loc":{"start":{"line":11,"column":4},"end":{"line":13,"column":5}}},{"name":"disconnectedCallback","type":"method","loc":{"start":{"line":14,"column":4},"end":{"line":16,"column":5}}}],"declarationLoc":{"start":{"line":3,"column":0},"end":{"line":17,"column":1}},"doc":"","exports":[{"type":"ExportDefaultDeclaration"}]},"updatedAt":"2024-08-26T06:18:03.881Z"},{"_allAttributes":null,"_properties":null,"_methods":null,"file":"c:/Users/madhu/OneDrive/Documents/Utilitarian/triggerProjectAssignment/force-app/main/default/lwc/lifeCycleHooksExample/lifeCycleHooksExample.js","metadata":{"decorators":[],"classMembers":[{"name":"connectedCallback","type":"method","loc":{"start":{"line":8,"column":4},"end":{"line":10,"column":5}}},{"name":"renderedCallback","type":"method","loc":{"start":{"line":11,"column":4},"end":{"line":13,"column":5}}},{"name":"errorCallback","type":"method","loc":{"start":{"line":14,"column":4},"end":{"line":16,"column":5}}}],"declarationLoc":{"start":{"line":3,"column":0},"end":{"line":17,"column":1}},"doc":"","exports":[{"type":"ExportDefaultDeclaration"}]},"updatedAt":"2024-08-26T06:18:03.360Z"},{"_allAttributes":null,"_properties":null,"_methods":null,"file":"c:/Users/madhu/OneDrive/Documents/Utilitarian/triggerProjectAssignment/force-app/main/default/lwc/lwcAssingNo6/lwcAssingNo6.js","metadata":{"decorators":[{"type":"wire","targets":[{"type":"method","name":"leadRecord","static":{},"params":{},"adapter":{"name":"upLeadRec","reference":"@salesforce/apex/lwcNo6UpdateLead.upLeadRec"}}]},{"type":"track","targets":[{"name":"leadData","type":"property"},{"name":"error","type":"property"}]}],"classMembers":[{"name":"leadData","type":"property","decorator":"track","loc":{"start":{"line":7,"column":4},"end":{"line":7,"column":20}}},{"name":"error","type":"property","decorator":"track","loc":{"start":{"line":8,"column":4},"end":{"line":8,"column":17}}},{"name":"connectedCallback","type":"method","loc":{"start":{"line":10,"column":4},"end":{"line":12,"column":5}}},{"name":"leadRecord","type":"method","decorator":"wire","loc":{"start":{"line":14,"column":4},"end":{"line":30,"column":5}}},{"name":"getStageClass","type":"method","loc":{"start":{"line":32,"column":4},"end":{"line":44,"column":7}}}],"declarationLoc":{"start":{"line":6,"column":0},"end":{"line":45,"column":5}},"doc":"","exports":[{"type":"ExportDefaultDeclaration"}]},"updatedAt":"2024-08-26T06:18:03.960Z"},{"_allAttributes":null,"_properties":null,"_methods":null,"file":"c:/Users/madhu/OneDrive/Documents/Utilitarian/triggerProjectAssignment/force-app/main/default/lwc/lwcAssingNo7/lwcAssingNo7.js","metadata":{"decorators":[{"type":"wire","targets":[{"name":"acc","type":"property","static":{},"params":{},"adapter":{"name":"getAccDetails","reference":"@salesforce/apex/lwcNo7ExpandCollapse.getAccDetails"}}]},{"type":"track","targets":[{"name":"error","type":"property"}]}],"classMembers":[{"name":"acc","type":"property","decorator":"wire","loc":{"start":{"line":5,"column":4},"end":{"line":5,"column":29}}},{"name":"error","type":"property","decorator":"track","loc":{"start":{"line":6,"column":4},"end":{"line":6,"column":17}}}],"declarationLoc":{"start":{"line":4,"column":0},"end":{"line":7,"column":1}},"doc":"","exports":[{"type":"ExportDefaultDeclaration"}]},"updatedAt":"2024-08-26T06:18:03.656Z"},{"_allAttributes":null,"_properties":null,"_methods":null,"file":"c:/Users/madhu/OneDrive/Documents/Utilitarian/triggerProjectAssignment/force-app/main/default/lwc/lwcAssingNo8/lwcAssingNo8.js","metadata":{"decorators":[{"type":"api","targets":[{"name":"recordId","type":"property","value":{"type":"unresolved"}}]},{"type":"wire","targets":[{"type":"method","name":"wiredOpportunity","static":{},"params":{"oppId":"recordId"},"adapter":{"name":"oppCloseDate","reference":"@salesforce/apex/lwcNo8OppCloseDate.oppCloseDate"}}]},{"type":"track","targets":[{"name":"closeDate","type":"property"},{"name":"error","type":"property"}]}],"classMembers":[{"name":"recordId","type":"property","value":{"type":"unresolved"},"decorator":"api","loc":{"start":{"line":7,"column":4},"end":{"line":7,"column":18}}},{"name":"closeDate","type":"property","decorator":"track","loc":{"start":{"line":8,"column":4},"end":{"line":8,"column":21}}},{"name":"error","type":"property","decorator":"track","loc":{"start":{"line":9,"column":4},"end":{"line":9,"column":17}}},{"name":"wiredOpportunity","type":"method","decorator":"wire","loc":{"start":{"line":11,"column":4},"end":{"line":18,"column":5}}},{"name":"handleDateChange","type":"method","loc":{"start":{"line":20,"column":4},"end":{"line":22,"column":5}}},{"name":"handleSave","type":"method","loc":{"start":{"line":24,"column":4},"end":{"line":32,"column":5}}},{"name":"handleCancel","type":"method","loc":{"start":{"line":34,"column":4},"end":{"line":36,"column":5}}},{"name":"showToast","type":"method","loc":{"start":{"line":38,"column":4},"end":{"line":45,"column":5}}}],"declarationLoc":{"start":{"line":6,"column":0},"end":{"line":46,"column":1}},"doc":"","exports":[{"type":"ExportDefaultDeclaration"}]},"updatedAt":"2024-08-26T06:18:03.791Z"},{"_allAttributes":null,"_properties":null,"_methods":null,"file":"c:/Users/madhu/OneDrive/Documents/Utilitarian/triggerProjectAssignment/force-app/main/default/lwc/lwcAssingNo9/lwcAssingNo9.js","metadata":{"decorators":[{"type":"api","targets":[{"name":"recordId","type":"property","value":{"type":"unresolved"}}]},{"type":"wire","targets":[{"type":"method","name":"wiredStaffTypes","static":{},"params":{},"adapter":{"name":"getStaffTypes","reference":"@salesforce/apex/lwcNo9UpConStaff.getStaffTypes"}}]},{"type":"track","targets":[{"name":"options","type":"property"},{"name":"selectedValues","type":"property"},{"name":"error","type":"property"}]}],"classMembers":[{"name":"recordId","type":"property","value":{"type":"unresolved"},"decorator":"api","loc":{"start":{"line":8,"column":5},"end":{"line":8,"column":19}}},{"name":"options","type":"property","decorator":"track","loc":{"start":{"line":9,"column":5},"end":{"line":9,"column":25}}},{"name":"selectedValues","type":"property","decorator":"track","loc":{"start":{"line":10,"column":5},"end":{"line":10,"column":32}}},{"name":"error","type":"property","decorator":"track","loc":{"start":{"line":11,"column":5},"end":{"line":11,"column":18}}},{"name":"wiredStaffTypes","type":"method","decorator":"wire","loc":{"start":{"line":13,"column":4},"end":{"line":20,"column":5}}},{"name":"handleSelectionChange","type":"method","loc":{"start":{"line":22,"column":4},"end":{"line":24,"column":5}}},{"name":"handleSave","type":"method","loc":{"start":{"line":26,"column":4},"end":{"line":34,"column":5}}},{"name":"showToast","type":"method","loc":{"start":{"line":36,"column":4},"end":{"line":43,"column":5}}}],"declarationLoc":{"start":{"line":7,"column":0},"end":{"line":44,"column":2}},"doc":"","exports":[{"type":"ExportDefaultDeclaration"}]},"updatedAt":"2024-08-26T06:18:03.743Z"},{"_allAttributes":null,"_properties":null,"_methods":null,"file":"c:/Users/madhu/OneDrive/Documents/Utilitarian/triggerProjectAssignment/force-app/main/default/lwc/lwcAssingNo10/lwcAssingNo10.js","metadata":{"decorators":[{"type":"api","targets":[{"name":"recordId","type":"property","value":{"type":"unresolved"}}]},{"type":"track","targets":[{"name":"isChecked","type":"property"},{"name":"error","type":"property"},{"name":"firstName","type":"property"},{"name":"lastName","type":"property"}]}],"classMembers":[{"name":"recordId","type":"property","value":{"type":"unresolved"},"decorator":"api","loc":{"start":{"line":6,"column":4},"end":{"line":6,"column":18}}},{"name":"isChecked","type":"property","value":{"type":"boolean","value":false},"decorator":"track","loc":{"start":{"line":7,"column":4},"end":{"line":7,"column":29}}},{"name":"error","type":"property","decorator":"track","loc":{"start":{"line":8,"column":4},"end":{"line":8,"column":17}}},{"name":"firstName","type":"property","decorator":"track","loc":{"start":{"line":9,"column":4},"end":{"line":9,"column":26}}},{"name":"lastName","type":"property","decorator":"track","loc":{"start":{"line":10,"column":4},"end":{"line":10,"column":20}}},{"name":"handleCheckboxChange","type":"method","loc":{"start":{"line":12,"column":4},"end":{"line":14,"column":5}}},{"name":"handleLastNameChange","type":"method","loc":{"start":{"line":16,"column":4},"end":{"line":18,"column":5}}},{"name":"handleFirstNameChange","type":"method","loc":{"start":{"line":20,"column":4},"end":{"line":22,"column":5}}},{"name":"handleSave","type":"method","loc":{"start":{"line":24,"column":4},"end":{"line":37,"column":5}}},{"name":"handleCancel","type":"method","loc":{"start":{"line":39,"column":4},"end":{"line":44,"column":5}}},{"name":"ShowToastEvent","type":"method","loc":{"start":{"line":46,"column":4},"end":{"line":53,"column":5}}}],"declarationLoc":{"start":{"line":5,"column":0},"end":{"line":55,"column":1}},"doc":"","exports":[{"type":"ExportDefaultDeclaration"}]},"updatedAt":"2024-08-26T06:18:03.975Z"},{"_allAttributes":null,"_properties":null,"_methods":null,"file":"c:/Users/madhu/OneDrive/Documents/Utilitarian/triggerProjectAssignment/force-app/main/default/lwc/bubbleDemoChild/bubbleDemoChild.js","metadata":{"decorators":[],"classMembers":[{"name":"handleClick","type":"method","loc":{"start":{"line":4,"column":4},"end":{"line":11,"column":9}}}],"declarationLoc":{"start":{"line":3,"column":0},"end":{"line":12,"column":1}},"doc":"","exports":[{"type":"ExportDefaultDeclaration"}]},"updatedAt":"2024-08-26T06:18:03.865Z"},{"_allAttributes":null,"_properties":null,"_methods":null,"file":"c:/Users/madhu/OneDrive/Documents/Utilitarian/triggerProjectAssignment/force-app/main/default/lwc/bubbleDemoGrandParent/bubbleDemoGrandParent.js","metadata":{"decorators":[],"classMembers":[{"name":"handleButtonClicked","type":"method","loc":{"start":{"line":4,"column":4},"end":{"line":6,"column":5}}}],"declarationLoc":{"start":{"line":3,"column":0},"end":{"line":7,"column":1}},"doc":"","exports":[{"type":"ExportDefaultDeclaration"}]},"updatedAt":"2024-08-26T06:18:03.257Z"},{"_allAttributes":null,"_properties":null,"_methods":null,"file":"c:/Users/madhu/OneDrive/Documents/Utilitarian/triggerProjectAssignment/force-app/main/default/lwc/bubbleDemoParent/bubbleDemoParent.js","metadata":{"decorators":[],"classMembers":[{"name":"handleButtononClicked","type":"method","loc":{"start":{"line":4,"column":4},"end":{"line":6,"column":5}}}],"declarationLoc":{"start":{"line":3,"column":0},"end":{"line":7,"column":1}},"doc":"","exports":[{"type":"ExportDefaultDeclaration"}]},"updatedAt":"2024-08-26T06:18:03.801Z"},{"_allAttributes":null,"_properties":null,"_methods":null,"file":"c:/Users/madhu/OneDrive/Documents/Utilitarian/triggerProjectAssignment/force-app/main/default/lwc/componentOfPaginationNo1/componentOfPaginationNo1.js","metadata":{"decorators":[{"type":"wire","targets":[{"type":"method","name":"wiredAccount","static":{},"params":{},"adapter":{"name":"accPagination","reference":"@salesforce/apex/lwcPaginationNo1.accPagination"}}]},{"type":"track","targets":[{"name":"paginatedRecords","type":"property"},{"name":"accRecords","type":"property"}]}],"classMembers":[{"name":"paginatedRecords","type":"property","decorator":"track","loc":{"start":{"line":10,"column":4},"end":{"line":10,"column":31}}},{"name":"accRecords","type":"property","decorator":"track","loc":{"start":{"line":11,"column":4},"end":{"line":11,"column":27}}},{"name":"columns","type":"property","loc":{"start":{"line":13,"column":4},"end":{"line":13,"column":22}}},{"name":"wiredAccount","type":"method","decorator":"wire","loc":{"start":{"line":17,"column":4},"end":{"line":24,"column":5}}},{"name":"handlePageChange","type":"method","loc":{"start":{"line":26,"column":4},"end":{"line":28,"column":5}}}],"declarationLoc":{"start":{"line":9,"column":0},"end":{"line":29,"column":1}},"doc":"","exports":[{"type":"ExportDefaultDeclaration"}]},"updatedAt":"2024-08-26T06:18:03.290Z"},{"_allAttributes":null,"_properties":null,"_methods":null,"file":"c:/Users/madhu/OneDrive/Documents/Utilitarian/triggerProjectAssignment/force-app/main/default/lwc/lwcSh2ListOfConNo2/lwcSh2ListOfConNo2.js","metadata":{"decorators":[{"type":"wire","targets":[{"type":"method","name":"wiredContacts","static":{},"params":{},"adapter":{"name":"listOfContact","reference":"@salesforce/apex/lwcContacts.listOfContact"}}]},{"type":"track","targets":[{"name":"recordId","type":"property"},{"name":"filterCon","type":"property"}]}],"classMembers":[{"name":"recordId","type":"property","decorator":"track","loc":{"start":{"line":5,"column":4},"end":{"line":5,"column":25}}},{"name":"filterCon","type":"property","decorator":"track","loc":{"start":{"line":6,"column":4},"end":{"line":6,"column":26}}},{"name":"searchItem","type":"property","value":{"type":"string","value":""},"loc":{"start":{"line":8,"column":4},"end":{"line":8,"column":20}}},{"name":"sortDirection","type":"property","value":{"type":"string","value":"asc"},"loc":{"start":{"line":9,"column":4},"end":{"line":9,"column":26}}},{"name":"sortBy","type":"property","value":{"type":"string","value":"FirstName"},"loc":{"start":{"line":10,"column":4},"end":{"line":10,"column":25}}},{"name":"showSearch","type":"property","value":{"type":"boolean","value":true},"loc":{"start":{"line":11,"column":4},"end":{"line":11,"column":22}}},{"name":"wiredContacts","type":"method","decorator":"wire","loc":{"start":{"line":13,"column":4},"end":{"line":21,"column":5}}},{"name":"handleSort","type":"method","loc":{"start":{"line":23,"column":4},"end":{"line":28,"column":5}}},{"name":"sortContact","type":"method","loc":{"start":{"line":30,"column":4},"end":{"line":37,"column":5}}},{"name":"handleKeyChange","type":"method","loc":{"start":{"line":39,"column":4},"end":{"line":42,"column":5}}},{"name":"handleSubmitChange","type":"method","loc":{"start":{"line":44,"column":4},"end":{"line":46,"column":5}}},{"name":"filterContacts","type":"method","loc":{"start":{"line":48,"column":4},"end":{"line":54,"column":5}}}],"declarationLoc":{"start":{"line":4,"column":0},"end":{"line":55,"column":1}},"doc":"","exports":[{"type":"ExportDefaultDeclaration"}]},"updatedAt":"2024-08-26T06:18:03.618Z"},{"_allAttributes":null,"_properties":null,"_methods":null,"file":"c:/Users/madhu/OneDrive/Documents/Utilitarian/triggerProjectAssignment/force-app/main/default/lwc/lwcSh2SortConChildNo2/lwcSh2SortConChildNo2.js","metadata":{"decorators":[{"type":"api","targets":[{"name":"sortedBy","type":"property","value":{"type":"unresolved"}},{"name":"sortDirection","type":"property","value":{"type":"string","value":"asc"}}]}],"classMembers":[{"name":"sortedBy","type":"property","value":{"type":"unresolved"},"decorator":"api","loc":{"start":{"line":4,"column":4},"end":{"line":4,"column":18}}},{"name":"sortDirection","type":"property","value":{"type":"string","value":"asc"},"decorator":"api","loc":{"start":{"line":5,"column":4},"end":{"line":5,"column":31}}},{"name":"handleSort","type":"method","loc":{"start":{"line":7,"column":4},"end":{"line":14,"column":5}}},{"name":"getNextDirection","type":"method","loc":{"start":{"line":16,"column":4},"end":{"line":19,"column":5}}}],"declarationLoc":{"start":{"line":3,"column":0},"end":{"line":20,"column":1}},"doc":"","exports":[{"type":"ExportDefaultDeclaration"}]},"updatedAt":"2024-08-26T06:18:03.746Z"},{"_allAttributes":null,"_properties":null,"_methods":null,"file":"c:/Users/madhu/OneDrive/Documents/Utilitarian/triggerProjectAssignment/force-app/main/default/lwc/pagination/pagination.js","metadata":{"decorators":[{"type":"api","targets":[{"name":"records","type":"property","value":{"type":"array","value":[]}},{"name":"pageSize","type":"property","value":{"type":"number","value":10}}]},{"type":"track","targets":[{"name":"currentPage","type":"property"}]}],"classMembers":[{"name":"records","type":"property","value":{"type":"array","value":[]},"decorator":"api","loc":{"start":{"line":4,"column":4},"end":{"line":4,"column":22}}},{"name":"pageSize","type":"property","value":{"type":"number","value":10},"decorator":"api","loc":{"start":{"line":5,"column":4},"end":{"line":5,"column":23}}},{"name":"currentPage","type":"property","decorator":"track","loc":{"start":{"line":7,"column":4},"end":{"line":7,"column":27}}},{"name":"totalPages","type":"property","loc":{"start":{"line":9,"column":4},"end":{"line":11,"column":5}}},{"name":"paginatedRecords","type":"property","loc":{"start":{"line":13,"column":4},"end":{"line":17,"column":5}}},{"name":"isPreviousDisabled","type":"property","loc":{"start":{"line":19,"column":4},"end":{"line":21,"column":5}}},{"name":"isNextDisabled","type":"property","loc":{"start":{"line":23,"column":4},"end":{"line":25,"column":5}}},{"name":"handlePrevious","type":"method","loc":{"start":{"line":27,"column":4},"end":{"line":32,"column":5}}},{"name":"handleNext","type":"method","loc":{"start":{"line":34,"column":4},"end":{"line":39,"column":5}}},{"name":"dispatchPageChangeEvent","type":"method","loc":{"start":{"line":41,"column":4},"end":{"line":45,"column":5}}},{"name":"connectedCallback","type":"method","loc":{"start":{"line":47,"column":4},"end":{"line":49,"column":5}}}],"declarationLoc":{"start":{"line":3,"column":0},"end":{"line":50,"column":1}},"doc":"","exports":[{"type":"ExportDefaultDeclaration"}]},"updatedAt":"2024-08-26T06:18:03.582Z"},{"_allAttributes":null,"_properties":null,"_methods":null,"file":"c:/Users/madhu/OneDrive/Documents/Utilitarian/triggerProjectAssignment/force-app/main/default/lwc/lwcSh2ChildPicklistNo3/lwcSh2ChildPicklistNo3.js","metadata":{"decorators":[{"type":"api","targets":[{"name":"companyOptions","type":"property"},{"name":"selectedCompany","type":"property"}]},{"type":"track","targets":[{"name":"_companyOptions","type":"property"},{"name":"_selectedCompany","type":"property"}]}],"classMembers":[{"name":"companyOptions","type":"property","decorator":"api","loc":{"start":{"line":12,"column":4},"end":{"line":14,"column":5}}},{"name":"selectedCompany","type":"property","decorator":"api","loc":{"start":{"line":21,"column":4},"end":{"line":23,"column":5}}},{"name":"handleCompanyChange","type":"method","loc":{"start":{"line":25,"column":4},"end":{"line":30,"column":5}}}],"declarationLoc":{"start":{"line":3,"column":0},"end":{"line":31,"column":1}},"doc":"","exports":[{"type":"ExportDefaultDeclaration"}]},"updatedAt":"2024-08-26T06:18:03.308Z"},{"_allAttributes":null,"_properties":null,"_methods":null,"file":"c:/Users/madhu/OneDrive/Documents/Utilitarian/triggerProjectAssignment/force-app/main/default/lwc/lwcSh2ParentPicklistNo3/lwcSh2ParentPicklistNo3.js","metadata":{"decorators":[{"type":"track","targets":[{"name":"teamOptions","type":"property"},{"name":"companyOptions","type":"property"},{"name":"selectedTeam","type":"property"},{"name":"selectedCompany","type":"property"}]}],"classMembers":[{"name":"teamOptions","type":"property","decorator":"track","loc":{"start":{"line":4,"column":4},"end":{"line":9,"column":6}}},{"name":"companyOptions","type":"property","decorator":"track","loc":{"start":{"line":11,"column":4},"end":{"line":11,"column":31}}},{"name":"selectedTeam","type":"property","decorator":"track","loc":{"start":{"line":12,"column":4},"end":{"line":12,"column":29}}},{"name":"selectedCompany","type":"property","decorator":"track","loc":{"start":{"line":13,"column":4},"end":{"line":13,"column":32}}},{"name":"handleTeamChange","type":"method","loc":{"start":{"line":15,"column":4},"end":{"line":18,"column":5}}},{"name":"updateCompanyOptions","type":"method","loc":{"start":{"line":20,"column":4},"end":{"line":47,"column":5}}},{"name":"handleCompanyChange","type":"method","loc":{"start":{"line":49,"column":4},"end":{"line":51,"column":5}}}],"declarationLoc":{"start":{"line":3,"column":0},"end":{"line":52,"column":1}},"doc":"","exports":[{"type":"ExportDefaultDeclaration"}]},"updatedAt":"2024-08-26T06:18:03.944Z"},{"_allAttributes":null,"_properties":null,"_methods":null,"file":"c:/Users/madhu/OneDrive/Documents/Utilitarian/triggerProjectAssignment/force-app/main/default/lwc/lwcSh3CartItemChild/lwcSh3CartItemChild.js","metadata":{"decorators":[{"type":"api","targets":[{"name":"itemId","type":"property","value":{"type":"unresolved"}},{"name":"itemName","type":"property","value":{"type":"unresolved"}},{"name":"price","type":"property","value":{"type":"unresolved"}},{"name":"quantity","type":"property","value":{"type":"unresolved"}}]}],"classMembers":[{"name":"itemId","type":"property","value":{"type":"unresolved"},"decorator":"api","loc":{"start":{"line":4,"column":4},"end":{"line":4,"column":16}}},{"name":"itemName","type":"property","value":{"type":"unresolved"},"decorator":"api","loc":{"start":{"line":5,"column":4},"end":{"line":5,"column":18}}},{"name":"price","type":"property","value":{"type":"unresolved"},"decorator":"api","loc":{"start":{"line":6,"column":4},"end":{"line":6,"column":15}}},{"name":"quantity","type":"property","value":{"type":"unresolved"},"decorator":"api","loc":{"start":{"line":7,"column":4},"end":{"line":7,"column":18}}},{"name":"totalPrice","type":"property","loc":{"start":{"line":9,"column":4},"end":{"line":11,"column":5}}},{"name":"handleQuantityChange","type":"method","loc":{"start":{"line":13,"column":4},"end":{"line":21,"column":5}}}],"declarationLoc":{"start":{"line":3,"column":0},"end":{"line":22,"column":1}},"doc":"","exports":[{"type":"ExportDefaultDeclaration"}]},"updatedAt":"2024-08-26T06:18:03.540Z"},{"_allAttributes":null,"_properties":null,"_methods":null,"file":"c:/Users/madhu/OneDrive/Documents/Utilitarian/triggerProjectAssignment/force-app/main/default/lwc/lwcSh3CartParent/lwcSh3CartParent.js","metadata":{"decorators":[{"type":"track","targets":[{"name":"cartItem","type":"property"},{"name":"totalPrice","type":"property"}]}],"classMembers":[{"name":"cartItem","type":"property","decorator":"track","loc":{"start":{"line":4,"column":4},"end":{"line":8,"column":6}}},{"name":"totalPrice","type":"property","decorator":"track","loc":{"start":{"line":9,"column":4},"end":{"line":9,"column":26}}},{"name":"connectedCallback","type":"method","loc":{"start":{"line":11,"column":4},"end":{"line":13,"column":5}}},{"name":"calculateTotalPrice","type":"method","loc":{"start":{"line":15,"column":4},"end":{"line":19,"column":5}}},{"name":"handleQuantityChange","type":"method","loc":{"start":{"line":21,"column":4},"end":{"line":31,"column":5}}}],"declarationLoc":{"start":{"line":3,"column":0},"end":{"line":32,"column":1}},"doc":"","exports":[{"type":"ExportDefaultDeclaration"}]},"updatedAt":"2024-08-26T06:18:03.841Z"},{"_allAttributes":null,"_properties":null,"_methods":null,"file":"c:/Users/madhu/OneDrive/Documents/Utilitarian/triggerProjectAssignment/force-app/main/default/lwc/lwcSh3ChildFilterPanel/lwcSh3ChildFilterPanel.js","metadata":{"decorators":[{"type":"track","targets":[{"name":"createdDate","type":"property"},{"name":"status","type":"property"}]}],"classMembers":[{"name":"createdDate","type":"property","decorator":"track","loc":{"start":{"line":4,"column":4},"end":{"line":4,"column":23}}},{"name":"status","type":"property","decorator":"track","loc":{"start":{"line":5,"column":4},"end":{"line":5,"column":18}}},{"name":"statusOptions","type":"property","loc":{"start":{"line":7,"column":4},"end":{"line":10,"column":6}}},{"name":"handleCreatedDateChange","type":"method","loc":{"start":{"line":12,"column":4},"end":{"line":14,"column":5}}},{"name":"handleStatusChange","type":"method","loc":{"start":{"line":16,"column":4},"end":{"line":18,"column":5}}},{"name":"handleApplyFilter","type":"method","loc":{"start":{"line":20,"column":4},"end":{"line":28,"column":5}}}],"declarationLoc":{"start":{"line":3,"column":0},"end":{"line":29,"column":1}},"doc":"","exports":[{"type":"ExportDefaultDeclaration"}]},"updatedAt":"2024-08-26T06:18:03.426Z"},{"_allAttributes":null,"_properties":null,"_methods":null,"file":"c:/Users/madhu/OneDrive/Documents/Utilitarian/triggerProjectAssignment/force-app/main/default/lwc/lwcSh3FormContainerChild/lwcSh3FormContainerChild.js","metadata":{"decorators":[{"type":"api","targets":[{"name":"label","type":"property","value":{"type":"unresolved"}},{"name":"value","type":"property","value":{"type":"string","value":""}},{"name":"isRequired","type":"property","value":{"type":"boolean","value":false}}]}],"classMembers":[{"name":"label","type":"property","value":{"type":"unresolved"},"decorator":"api","loc":{"start":{"line":4,"column":4},"end":{"line":4,"column":15}}},{"name":"value","type":"property","value":{"type":"string","value":""},"decorator":"api","loc":{"start":{"line":5,"column":4},"end":{"line":5,"column":20}}},{"name":"isRequired","type":"property","value":{"type":"boolean","value":false},"decorator":"api","loc":{"start":{"line":6,"column":4},"end":{"line":6,"column":28}}},{"name":"handleInputChange","type":"method","loc":{"start":{"line":8,"column":4},"end":{"line":14,"column":5}}}],"declarationLoc":{"start":{"line":3,"column":0},"end":{"line":15,"column":1}},"doc":"","exports":[{"type":"ExportDefaultDeclaration"}]},"updatedAt":"2024-08-26T06:18:03.913Z"},{"_allAttributes":null,"_properties":null,"_methods":null,"file":"c:/Users/madhu/OneDrive/Documents/Utilitarian/triggerProjectAssignment/force-app/main/default/lwc/lwcSh3ParentDataTable/lwcSh3ParentDataTable.js","metadata":{"decorators":[{"type":"track","targets":[{"name":"records","type":"property"},{"name":"filteredRecords","type":"property"}]}],"classMembers":[{"name":"records","type":"property","decorator":"track","loc":{"start":{"line":4,"column":4},"end":{"line":8,"column":6}}},{"name":"filteredRecords","type":"property","decorator":"track","loc":{"start":{"line":10,"column":4},"end":{"line":10,"column":47}}},{"name":"columns","type":"property","loc":{"start":{"line":12,"column":4},"end":{"line":16,"column":6}}},{"name":"handleFilterChange","type":"method","loc":{"start":{"line":18,"column":4},"end":{"line":21,"column":5}}},{"name":"applyFilters","type":"method","loc":{"start":{"line":23,"column":4},"end":{"line":38,"column":5}}}],"declarationLoc":{"start":{"line":3,"column":0},"end":{"line":39,"column":1}},"doc":"","exports":[{"type":"ExportDefaultDeclaration"}]},"updatedAt":"2024-08-26T06:18:03.865Z"},{"_allAttributes":null,"_properties":null,"_methods":null,"file":"c:/Users/madhu/OneDrive/Documents/Utilitarian/triggerProjectAssignment/force-app/main/default/lwc/lwcSh3ParentFormContainer/lwcSh3ParentFormContainer.js","metadata":{"decorators":[{"type":"track","targets":[{"name":"firstName","type":"property"},{"name":"lastName","type":"property"},{"name":"email","type":"property"},{"name":"isDisableChange","type":"property"}]}],"classMembers":[{"name":"firstName","type":"property","decorator":"track","loc":{"start":{"line":4,"column":4},"end":{"line":4,"column":26}}},{"name":"lastName","type":"property","decorator":"track","loc":{"start":{"line":5,"column":4},"end":{"line":5,"column":25}}},{"name":"email","type":"property","decorator":"track","loc":{"start":{"line":6,"column":4},"end":{"line":6,"column":22}}},{"name":"isDisableChange","type":"property","value":{"type":"boolean","value":true},"decorator":"track","loc":{"start":{"line":7,"column":4},"end":{"line":7,"column":34}}},{"name":"handleInputChange","type":"method","loc":{"start":{"line":9,"column":4},"end":{"line":21,"column":5}}},{"name":"validForm","type":"method","loc":{"start":{"line":23,"column":4},"end":{"line":25,"column":5}}},{"name":"handleSubmit","type":"method","loc":{"start":{"line":27,"column":4},"end":{"line":36,"column":5}}}],"declarationLoc":{"start":{"line":3,"column":0},"end":{"line":37,"column":1}},"doc":"","exports":[{"type":"ExportDefaultDeclaration"}]},"updatedAt":"2024-08-26T06:18:03.443Z"},{"_allAttributes":null,"_properties":null,"_methods":null,"file":"c:/Users/madhu/OneDrive/Documents/Utilitarian/triggerProjectAssignment/force-app/main/default/lwc/lwcSh3ProductChild/lwcSh3ProductChild.js","metadata":{"decorators":[{"type":"api","targets":[{"name":"product","type":"property","value":{"type":"unresolved"}}]}],"classMembers":[{"name":"product","type":"property","value":{"type":"unresolved"},"decorator":"api","loc":{"start":{"line":4,"column":4},"end":{"line":4,"column":17}}},{"name":"handleSelect","type":"method","loc":{"start":{"line":6,"column":4},"end":{"line":12,"column":5}}}],"declarationLoc":{"start":{"line":3,"column":0},"end":{"line":13,"column":1}},"doc":"","exports":[{"type":"ExportDefaultDeclaration"}]},"updatedAt":"2024-08-26T06:18:03.817Z"},{"_allAttributes":null,"_properties":null,"_methods":null,"file":"c:/Users/madhu/OneDrive/Documents/Utilitarian/triggerProjectAssignment/force-app/main/default/lwc/lwcSh3ProductListParent/lwcSh3ProductListParent.js","metadata":{"decorators":[{"type":"track","targets":[{"name":"product","type":"property"},{"name":"selectedProduct","type":"property"}]}],"classMembers":[{"name":"product","type":"property","decorator":"track","loc":{"start":{"line":4,"column":4},"end":{"line":8,"column":6}}},{"name":"selectedProduct","type":"property","value":{"type":"null","value":null},"decorator":"track","loc":{"start":{"line":9,"column":4},"end":{"line":9,"column":34}}},{"name":"handleProductSelect","type":"method","loc":{"start":{"line":11,"column":4},"end":{"line":16,"column":5}}}],"declarationLoc":{"start":{"line":3,"column":0},"end":{"line":17,"column":1}},"doc":"","exports":[{"type":"ExportDefaultDeclaration"}]},"updatedAt":"2024-08-26T06:18:03.588Z"},{"_allAttributes":null,"_properties":null,"_methods":null,"file":"c:/Users/madhu/OneDrive/Documents/Utilitarian/triggerProjectAssignment/force-app/main/default/lwc/lwcSh3ChildNotiItem/lwcSh3ChildNotiItem.js","metadata":{"decorators":[{"type":"api","targets":[{"name":"message","type":"property","value":{"type":"unresolved"}},{"name":"notificationId","type":"property","value":{"type":"unresolved"}}]}],"classMembers":[{"name":"message","type":"property","value":{"type":"unresolved"},"decorator":"api","loc":{"start":{"line":4,"column":4},"end":{"line":4,"column":17}}},{"name":"notificationId","type":"property","value":{"type":"unresolved"},"decorator":"api","loc":{"start":{"line":5,"column":4},"end":{"line":5,"column":24}}},{"name":"handleDismiss","type":"method","loc":{"start":{"line":7,"column":4},"end":{"line":14,"column":5}}}],"declarationLoc":{"start":{"line":3,"column":0},"end":{"line":15,"column":1}},"doc":"","exports":[{"type":"ExportDefaultDeclaration"}]},"updatedAt":"2024-08-26T06:18:03.556Z"},{"_allAttributes":null,"_properties":null,"_methods":null,"file":"c:/Users/madhu/OneDrive/Documents/Utilitarian/triggerProjectAssignment/force-app/main/default/lwc/lwcSh3ChildUserProfileItem/lwcSh3ChildUserProfileItem.js","metadata":{"decorators":[{"type":"api","targets":[{"name":"id","type":"property","value":{"type":"unresolved"}},{"name":"name","type":"property","value":{"type":"unresolved"}},{"name":"email","type":"property","value":{"type":"unresolved"}}]}],"classMembers":[{"name":"id","type":"property","value":{"type":"unresolved"},"decorator":"api","loc":{"start":{"line":4,"column":4},"end":{"line":4,"column":12}}},{"name":"name","type":"property","value":{"type":"unresolved"},"decorator":"api","loc":{"start":{"line":5,"column":4},"end":{"line":5,"column":14}}},{"name":"email","type":"property","value":{"type":"unresolved"},"decorator":"api","loc":{"start":{"line":6,"column":4},"end":{"line":6,"column":15}}},{"name":"localName","type":"property","loc":{"start":{"line":8,"column":4},"end":{"line":8,"column":14}}},{"name":"localEmail","type":"property","loc":{"start":{"line":9,"column":4},"end":{"line":9,"column":15}}},{"name":"connectedCallback","type":"method","loc":{"start":{"line":11,"column":4},"end":{"line":15,"column":5}}},{"name":"handleNameChange","type":"method","loc":{"start":{"line":17,"column":4},"end":{"line":19,"column":5}}},{"name":"handleEmailChange","type":"method","loc":{"start":{"line":21,"column":4},"end":{"line":23,"column":5}}},{"name":"handleSave","type":"method","loc":{"start":{"line":25,"column":4},"end":{"line":34,"column":5}}}],"declarationLoc":{"start":{"line":3,"column":0},"end":{"line":35,"column":1}},"doc":"","exports":[{"type":"ExportDefaultDeclaration"}]},"updatedAt":"2024-08-26T06:18:03.346Z"},{"_allAttributes":null,"_properties":null,"_methods":null,"file":"c:/Users/madhu/OneDrive/Documents/Utilitarian/triggerProjectAssignment/force-app/main/default/lwc/lwcSh3ParentNotiList/lwcSh3ParentNotiList.js","metadata":{"decorators":[{"type":"track","targets":[{"name":"notifications","type":"property"}]}],"classMembers":[{"name":"notifications","type":"property","decorator":"track","loc":{"start":{"line":4,"column":4},"end":{"line":8,"column":6}}},{"name":"handleDismiss","type":"method","loc":{"start":{"line":10,"column":4},"end":{"line":13,"column":5}}}],"declarationLoc":{"start":{"line":3,"column":0},"end":{"line":14,"column":1}},"doc":"","exports":[{"type":"ExportDefaultDeclaration"}]},"updatedAt":"2024-08-26T06:18:03.944Z"},{"_allAttributes":null,"_properties":null,"_methods":null,"file":"c:/Users/madhu/OneDrive/Documents/Utilitarian/triggerProjectAssignment/force-app/main/default/lwc/lwcSh3ParentUserProfileList/lwcSh3ParentUserProfileList.js","metadata":{"decorators":[{"type":"track","targets":[{"name":"userProfile","type":"property"}]}],"classMembers":[{"name":"userProfile","type":"property","decorator":"track","loc":{"start":{"line":4,"column":4},"end":{"line":7,"column":6}}},{"name":"handleProfileUpdate","type":"method","loc":{"start":{"line":17,"column":4},"end":{"line":28,"column":5}}}],"declarationLoc":{"start":{"line":3,"column":0},"end":{"line":30,"column":1}},"doc":"","exports":[{"type":"ExportDefaultDeclaration"}]},"updatedAt":"2024-08-26T06:18:03.991Z"},{"_allAttributes":null,"_properties":null,"_methods":null,"file":"c:/Users/madhu/OneDrive/Documents/Utilitarian/triggerProjectAssignment/force-app/main/default/lwc/lwcSh3ChildCommentSection/lwcSh3ChildCommentSection.js","metadata":{"decorators":[{"type":"track","targets":[{"name":"newComment","type":"property"}]}],"classMembers":[{"name":"newComment","type":"property","decorator":"track","loc":{"start":{"line":4,"column":4},"end":{"line":4,"column":27}}},{"name":"handleCommentChange","type":"method","loc":{"start":{"line":6,"column":4},"end":{"line":8,"column":5}}},{"name":"handleAddComment","type":"method","loc":{"start":{"line":10,"column":4},"end":{"line":16,"column":5}}}],"declarationLoc":{"start":{"line":3,"column":0},"end":{"line":17,"column":1}},"doc":"","exports":[{"type":"ExportDefaultDeclaration"}]},"updatedAt":"2024-08-26T06:18:03.778Z"},{"_allAttributes":null,"_properties":null,"_methods":null,"file":"c:/Users/madhu/OneDrive/Documents/Utilitarian/triggerProjectAssignment/force-app/main/default/lwc/lwcSh3ChildNoti/lwcSh3ChildNoti.js","metadata":{"decorators":[{"type":"api","targets":[{"name":"message","type":"property","value":{"type":"unresolved"}}]}],"classMembers":[{"name":"message","type":"property","value":{"type":"unresolved"},"decorator":"api","loc":{"start":{"line":4,"column":4},"end":{"line":4,"column":17}}},{"name":"handleMarkAsRead","type":"method","loc":{"start":{"line":6,"column":4},"end":{"line":11,"column":5}}}],"declarationLoc":{"start":{"line":3,"column":0},"end":{"line":12,"column":1}},"doc":"","exports":[{"type":"ExportDefaultDeclaration"}]},"updatedAt":"2024-08-26T06:18:03.225Z"},{"_allAttributes":null,"_properties":null,"_methods":null,"file":"c:/Users/madhu/OneDrive/Documents/Utilitarian/triggerProjectAssignment/force-app/main/default/lwc/lwcSh3ChildTabCon/lwcSh3ChildTabCon.js","metadata":{"decorators":[{"type":"api","targets":[{"name":"tabId","type":"property","value":{"type":"unresolved"}}]}],"classMembers":[{"name":"tabId","type":"property","value":{"type":"unresolved"},"decorator":"api","loc":{"start":{"line":4,"column":4},"end":{"line":4,"column":15}}},{"name":"isActive","type":"property","loc":{"start":{"line":6,"column":4},"end":{"line":8,"column":5}}}],"declarationLoc":{"start":{"line":3,"column":0},"end":{"line":9,"column":1}},"doc":"","exports":[{"type":"ExportDefaultDeclaration"}]},"updatedAt":"2024-08-26T06:18:03.407Z"},{"_allAttributes":null,"_properties":null,"_methods":null,"file":"c:/Users/madhu/OneDrive/Documents/Utilitarian/triggerProjectAssignment/force-app/main/default/lwc/lwcSh3ParentNotiBadge/lwcSh3ParentNotiBadge.js","metadata":{"decorators":[{"type":"track","targets":[{"name":"notifications","type":"property"},{"name":"unreadCount","type":"property"}]}],"classMembers":[{"name":"notifications","type":"property","decorator":"track","loc":{"start":{"line":4,"column":4},"end":{"line":7,"column":6}}},{"name":"unreadCount","type":"property","value":{"type":"unresolved"},"decorator":"track","loc":{"start":{"line":9,"column":4},"end":{"line":9,"column":51}}},{"name":"handleNotificationRead","type":"method","loc":{"start":{"line":11,"column":4},"end":{"line":15,"column":5}}}],"declarationLoc":{"start":{"line":3,"column":0},"end":{"line":16,"column":1}},"doc":"","exports":[{"type":"ExportDefaultDeclaration"}]},"updatedAt":"2024-08-26T06:18:04.006Z"},{"_allAttributes":null,"_properties":null,"_methods":null,"file":"c:/Users/madhu/OneDrive/Documents/Utilitarian/triggerProjectAssignment/force-app/main/default/lwc/lwcSh3ParentPostSection/lwcSh3ParentPostSection.js","metadata":{"decorators":[{"type":"track","targets":[{"name":"comments","type":"property"}]}],"classMembers":[{"name":"comments","type":"property","decorator":"track","loc":{"start":{"line":4,"column":4},"end":{"line":4,"column":25}}},{"name":"handleCommentAdd","type":"method","loc":{"start":{"line":6,"column":4},"end":{"line":11,"column":5}}}],"declarationLoc":{"start":{"line":3,"column":0},"end":{"line":12,"column":1}},"doc":"","exports":[{"type":"ExportDefaultDeclaration"}]},"updatedAt":"2024-08-26T06:18:03.606Z"},{"_allAttributes":null,"_properties":null,"_methods":null,"file":"c:/Users/madhu/OneDrive/Documents/Utilitarian/triggerProjectAssignment/force-app/main/default/lwc/lwcSh3ParentTabContainer/lwcSh3ParentTabContainer.js","metadata":{"decorators":[{"type":"track","targets":[{"name":"activeTab","type":"property"}]}],"classMembers":[{"name":"activeTab","type":"property","decorator":"track","loc":{"start":{"line":4,"column":4},"end":{"line":4,"column":30}}},{"name":"tabs","type":"property","loc":{"start":{"line":6,"column":4},"end":{"line":10,"column":6}}},{"name":"handleTabClick","type":"method","loc":{"start":{"line":12,"column":4},"end":{"line":15,"column":5}}},{"name":"tabContent","type":"property","loc":{"start":{"line":17,"column":4},"end":{"line":24,"column":5}}},{"name":"tabClass","type":"method","loc":{"start":{"line":26,"column":4},"end":{"line":28,"column":5}}}],"declarationLoc":{"start":{"line":3,"column":0},"end":{"line":29,"column":1}},"doc":"","exports":[{"type":"ExportDefaultDeclaration"}]},"updatedAt":"2024-08-26T06:18:03.618Z"},{"_allAttributes":null,"_properties":null,"_methods":null,"file":"c:/Users/madhu/OneDrive/Documents/Utilitarian/triggerProjectAssignment/force-app/main/default/lwc/lwcSh3ChildFormSection/lwcSh3ChildFormSection.js","metadata":{"decorators":[{"type":"api","targets":[{"name":"title","type":"property","value":{"type":"unresolved"}},{"name":"description","type":"property","value":{"type":"unresolved"}}]}],"classMembers":[{"name":"title","type":"property","value":{"type":"unresolved"},"decorator":"api","loc":{"start":{"line":4,"column":4},"end":{"line":4,"column":15}}},{"name":"description","type":"property","value":{"type":"unresolved"},"decorator":"api","loc":{"start":{"line":5,"column":4},"end":{"line":5,"column":21}}},{"name":"handleComplete","type":"method","loc":{"start":{"line":7,"column":4},"end":{"line":12,"column":5}}}],"declarationLoc":{"start":{"line":3,"column":0},"end":{"line":13,"column":1}},"doc":"","exports":[{"type":"ExportDefaultDeclaration"}]},"updatedAt":"2024-08-26T06:18:03.240Z"},{"_allAttributes":null,"_properties":null,"_methods":null,"file":"c:/Users/madhu/OneDrive/Documents/Utilitarian/triggerProjectAssignment/force-app/main/default/lwc/lwcSh3ParentMultiSection/lwcSh3ParentMultiSection.js","metadata":{"decorators":[{"type":"track","targets":[{"name":"sections","type":"property"}]}],"classMembers":[{"name":"sections","type":"property","decorator":"track","loc":{"start":{"line":4,"column":4},"end":{"line":8,"column":6}}},{"name":"handleSectionComplete","type":"method","loc":{"start":{"line":10,"column":4},"end":{"line":20,"column":5}}}],"declarationLoc":{"start":{"line":3,"column":0},"end":{"line":21,"column":1}},"doc":"","exports":[{"type":"ExportDefaultDeclaration"}]},"updatedAt":"2024-08-26T06:18:03.960Z"},{"_allAttributes":null,"_properties":null,"_methods":null,"file":"c:/Users/madhu/OneDrive/Documents/Utilitarian/triggerProjectAssignment/force-app/main/default/lwc/lwcDemoDesignAttribute/lwcDemoDesignAttribute.js","metadata":{"decorators":[{"type":"api","targets":[{"name":"title","type":"property","value":{"type":"unresolved"}},{"name":"showPasswordField","type":"property","value":{"type":"unresolved"}}]}],"classMembers":[{"name":"title","type":"property","value":{"type":"unresolved"},"decorator":"api","loc":{"start":{"line":6,"column":4},"end":{"line":6,"column":15}}},{"name":"showPasswordField","type":"property","value":{"type":"unresolved"},"decorator":"api","loc":{"start":{"line":7,"column":4},"end":{"line":7,"column":27}}},{"name":"firstName","type":"property","value":{"type":"string","value":""},"loc":{"start":{"line":10,"column":4},"end":{"line":10,"column":19}}},{"name":"lastName","type":"property","value":{"type":"string","value":""},"loc":{"start":{"line":11,"column":4},"end":{"line":11,"column":18}}},{"name":"email","type":"property","value":{"type":"string","value":""},"loc":{"start":{"line":12,"column":4},"end":{"line":12,"column":15}}},{"name":"password","type":"property","value":{"type":"string","value":""},"loc":{"start":{"line":13,"column":4},"end":{"line":13,"column":18}}},{"name":"handleInputChange","type":"method","loc":{"start":{"line":15,"column":4},"end":{"line":18,"column":5}}},{"name":"handleRegister","type":"method","loc":{"start":{"line":20,"column":4},"end":{"line":46,"column":5}}},{"name":"handleCancel","type":"method","loc":{"start":{"line":48,"column":4},"end":{"line":58,"column":5}}}],"declarationLoc":{"start":{"line":5,"column":0},"end":{"line":59,"column":1}},"doc":"","exports":[{"type":"ExportDefaultDeclaration"}]},"updatedAt":"2024-08-26T06:18:03.634Z"},{"_allAttributes":null,"_properties":null,"_methods":null,"file":"c:/Users/madhu/OneDrive/Documents/Utilitarian/triggerProjectAssignment/force-app/main/default/lwc/taskApplicationComponent/taskApplicationComponent.js","metadata":{"decorators":[{"type":"track","targets":[{"name":"applications","type":"property"}]}],"classMembers":[{"name":"applications","type":"property","decorator":"track","loc":{"start":{"line":4,"column":4},"end":{"line":4,"column":29}}},{"name":"columns","type":"property","loc":{"start":{"line":6,"column":4},"end":{"line":17,"column":6}}},{"name":"handleAddContacts","type":"method","loc":{"start":{"line":19,"column":4},"end":{"line":22,"column":5}}},{"name":"connectedCallback","type":"method","loc":{"start":{"line":24,"column":4},"end":{"line":26,"column":5}}}],"declarationLoc":{"start":{"line":3,"column":0},"end":{"line":27,"column":1}},"doc":"","exports":[{"type":"ExportDefaultDeclaration"}]},"updatedAt":"2024-08-26T06:18:03.649Z"},{"_allAttributes":null,"_properties":null,"_methods":null,"file":"c:/Users/madhu/OneDrive/Documents/Utilitarian/triggerProjectAssignment/force-app/main/default/lwc/taskLoginPage/taskLoginPage.js","metadata":{"decorators":[{"type":"track","targets":[{"name":"firstName","type":"property"},{"name":"lastName","type":"property"},{"name":"phone","type":"property"},{"name":"email","type":"property"},{"name":"isLoading","type":"property"}]}],"classMembers":[{"name":"firstName","type":"property","decorator":"track","loc":{"start":{"line":9,"column":4},"end":{"line":9,"column":26}}},{"name":"lastName","type":"property","decorator":"track","loc":{"start":{"line":10,"column":4},"end":{"line":10,"column":25}}},{"name":"phone","type":"property","decorator":"track","loc":{"start":{"line":11,"column":4},"end":{"line":11,"column":22}}},{"name":"email","type":"property","decorator":"track","loc":{"start":{"line":12,"column":4},"end":{"line":12,"column":22}}},{"name":"isLoading","type":"property","value":{"type":"boolean","value":false},"decorator":"track","loc":{"start":{"line":13,"column":4},"end":{"line":13,"column":29}}},{"name":"handleInputChange","type":"method","loc":{"start":{"line":15,"column":4},"end":{"line":26,"column":5}}},{"name":"handleClick","type":"method","loc":{"start":{"line":28,"column":4},"end":{"line":65,"column":5}}},{"name":"redirectToDashboard","type":"method","loc":{"start":{"line":67,"column":4},"end":{"line":75,"column":5}}},{"name":"clearForm","type":"method","loc":{"start":{"line":77,"column":4},"end":{"line":85,"column":5}}},{"name":"showToast","type":"method","loc":{"start":{"line":87,"column":4},"end":{"line":94,"column":5}}},{"name":"bootstrapJsInitialized","type":"property","value":{"type":"boolean","value":false},"loc":{"start":{"line":96,"column":4},"end":{"line":96,"column":35}}},{"name":"renderedCallback","type":"method","loc":{"start":{"line":98,"column":4},"end":{"line":111,"column":5}}}],"declarationLoc":{"start":{"line":8,"column":0},"end":{"line":112,"column":1}},"doc":"","exports":[{"type":"ExportDefaultDeclaration"}]},"updatedAt":"2024-08-26T06:18:03.855Z"},{"_allAttributes":null,"_properties":null,"_methods":null,"file":"c:/Users/madhu/OneDrive/Documents/Utilitarian/triggerProjectAssignment/force-app/main/default/lwc/taskRecommendedComponent/taskRecommendedComponent.js","metadata":{"decorators":[{"type":"track","targets":[{"name":"filteredJobs","type":"property"},{"name":"startDate","type":"property"},{"name":"endDate","type":"property"},{"name":"selectedStatus","type":"property"},{"name":"active","type":"property"},{"name":"selectedPeriod","type":"property"}]}],"classMembers":[{"name":"filteredJobs","type":"property","decorator":"track","loc":{"start":{"line":50,"column":4},"end":{"line":50,"column":29}}},{"name":"startDate","type":"property","decorator":"track","loc":{"start":{"line":51,"column":4},"end":{"line":51,"column":26}}},{"name":"endDate","type":"property","decorator":"track","loc":{"start":{"line":52,"column":4},"end":{"line":52,"column":24}}},{"name":"selectedStatus","type":"property","decorator":"track","loc":{"start":{"line":53,"column":4},"end":{"line":53,"column":31}}},{"name":"active","type":"property","value":{"type":"boolean","value":false},"decorator":"track","loc":{"start":{"line":54,"column":4},"end":{"line":54,"column":26}}},{"name":"selectedPeriod","type":"property","decorator":"track","loc":{"start":{"line":55,"column":4},"end":{"line":55,"column":36}}},{"name":"statusOptions","type":"property","loc":{"start":{"line":58,"column":4},"end":{"line":62,"column":6}}},{"name":"periodOptions","type":"property","loc":{"start":{"line":64,"column":4},"end":{"line":69,"column":6}}},{"name":"handleStartDateChange","type":"method","loc":{"start":{"line":72,"column":4},"end":{"line":74,"column":5}}},{"name":"handleEndDateChange","type":"method","loc":{"start":{"line":76,"column":4},"end":{"line":78,"column":5}}},{"name":"handleStatusChange","type":"method","loc":{"start":{"line":80,"column":4},"end":{"line":82,"column":5}}},{"name":"handleActiveChange","type":"method","loc":{"start":{"line":84,"column":4},"end":{"line":86,"column":5}}},{"name":"handlePeriodChange","type":"method","loc":{"start":{"line":88,"column":4},"end":{"line":90,"column":5}}},{"name":"handleFilterClick","type":"method","loc":{"start":{"line":92,"column":4},"end":{"line":107,"column":5}}}],"declarationLoc":{"start":{"line":46,"column":1},"end":{"line":108,"column":1}},"doc":"","exports":[{"type":"ExportDefaultDeclaration"}]},"updatedAt":"2024-08-26T06:18:03.576Z"},{"_allAttributes":null,"_properties":null,"_methods":null,"file":"c:/Users/madhu/OneDrive/Documents/Utilitarian/triggerProjectAssignment/force-app/main/default/lwc/taskApplicationC3/taskApplicationC3.js","metadata":{"decorators":[{"type":"wire","targets":[{"type":"method","name":"wiredData","static":{},"params":{"jobId":"jobId"},"adapter":{"name":"getApplicants","reference":"@salesforce/apex/LoginController.getApplicants"}},{"name":"messageContext","type":"property","static":{},"params":{},"adapter":{"name":"MessageContext","reference":"lightning/messageService"}}]},{"type":"track","targets":[{"name":"contacts","type":"property"},{"name":"jobDetails","type":"property"},{"name":"jobId","type":"property"},{"name":"isLoading","type":"property"},{"name":"currentPage","type":"property"},{"name":"pageSize","type":"property"},{"name":"totalRecords","type":"property"},{"name":"totalPages","type":"property"},{"name":"isModalOpen","type":"property"},{"name":"selectedRecordId","type":"property"},{"name":"applicants","type":"property"}]}],"classMembers":[{"name":"contacts","type":"property","decorator":"track","loc":{"start":{"line":8,"column":4},"end":{"line":8,"column":25}}},{"name":"jobDetails","type":"property","decorator":"track","loc":{"start":{"line":9,"column":4},"end":{"line":9,"column":22}}},{"name":"jobId","type":"property","decorator":"track","loc":{"start":{"line":10,"column":4},"end":{"line":10,"column":17}}},{"name":"isLoading","type":"property","value":{"type":"boolean","value":false},"decorator":"track","loc":{"start":{"line":11,"column":4},"end":{"line":11,"column":29}}},{"name":"currentPage","type":"property","decorator":"track","loc":{"start":{"line":12,"column":4},"end":{"line":12,"column":27}}},{"name":"pageSize","type":"property","decorator":"track","loc":{"start":{"line":13,"column":4},"end":{"line":13,"column":24}}},{"name":"totalRecords","type":"property","decorator":"track","loc":{"start":{"line":14,"column":4},"end":{"line":14,"column":28}}},{"name":"totalPages","type":"property","decorator":"track","loc":{"start":{"line":15,"column":4},"end":{"line":15,"column":26}}},{"name":"isModalOpen","type":"property","value":{"type":"boolean","value":false},"decorator":"track","loc":{"start":{"line":16,"column":4},"end":{"line":16,"column":31}}},{"name":"selectedRecordId","type":"property","decorator":"track","loc":{"start":{"line":17,"column":4},"end":{"line":17,"column":28}}},{"name":"subscription","type":"property","value":{"type":"null","value":null},"loc":{"start":{"line":18,"column":4},"end":{"line":18,"column":24}}},{"name":"wiredContactsInfo","type":"property","loc":{"start":{"line":19,"column":4},"end":{"line":19,"column":22}}},{"name":"applicants","type":"property","decorator":"track","loc":{"start":{"line":20,"column":4},"end":{"line":20,"column":27}}},{"name":"applicantColumns","type":"property","loc":{"start":{"line":22,"column":4},"end":{"line":35,"column":6}}},{"name":"wiredData","type":"method","decorator":"wire","loc":{"start":{"line":37,"column":4},"end":{"line":48,"column":5}}},{"name":"messageContext","type":"property","decorator":"wire","loc":{"start":{"line":50,"column":4},"end":{"line":51,"column":19}}},{"name":"connectedCallback","type":"method","loc":{"start":{"line":53,"column":4},"end":{"line":59,"column":5}}},{"name":"handleMessage","type":"method","loc":{"start":{"line":61,"column":4},"end":{"line":71,"column":5}}},{"name":"loadContacts","type":"method","loc":{"start":{"line":73,"column":4},"end":{"line":90,"column":5}}},{"name":"handlePreviousPage","type":"method","loc":{"start":{"line":92,"column":4},"end":{"line":97,"column":5}}},{"name":"handleNextPage","type":"method","loc":{"start":{"line":99,"column":4},"end":{"line":104,"column":5}}},{"name":"handleRowAction","type":"method","loc":{"start":{"line":106,"column":4},"end":{"line":117,"column":5}}},{"name":"openModal","type":"method","loc":{"start":{"line":119,"column":4},"end":{"line":122,"column":5}}},{"name":"closeModal","type":"method","loc":{"start":{"line":124,"column":4},"end":{"line":128,"column":5}}},{"name":"handleSuccess","type":"method","loc":{"start":{"line":130,"column":4},"end":{"line":133,"column":5}}},{"name":"refreshData","type":"method","loc":{"start":{"line":136,"column":4},"end":{"line":138,"column":5}}}],"declarationLoc":{"start":{"line":7,"column":0},"end":{"line":139,"column":1}},"doc":"","exports":[{"type":"ExportDefaultDeclaration"}]},"updatedAt":"2024-08-28T17:14:11.639Z"},{"_allAttributes":null,"_properties":null,"_methods":null,"file":"c:/Users/madhu/OneDrive/Documents/Utilitarian/triggerProjectAssignment/force-app/main/default/lwc/taskGrandParentC1/taskGrandParentC1.js","metadata":{"decorators":[{"type":"track","targets":[{"name":"selectedContacts","type":"property"}]}],"classMembers":[{"name":"selectedContacts","type":"property","decorator":"track","loc":{"start":{"line":4,"column":4},"end":{"line":4,"column":33}}},{"name":"handleAddContacts","type":"method","loc":{"start":{"line":6,"column":4},"end":{"line":8,"column":5}}},{"name":"handleProductSelect","type":"method","loc":{"start":{"line":9,"column":4},"end":{"line":14,"column":5}}}],"declarationLoc":{"start":{"line":3,"column":0},"end":{"line":15,"column":1}},"doc":"","exports":[{"type":"ExportDefaultDeclaration"}]},"updatedAt":"2024-08-26T06:18:03.257Z"},{"_allAttributes":null,"_properties":null,"_methods":null,"file":"c:/Users/madhu/OneDrive/Documents/Utilitarian/triggerProjectAssignment/force-app/main/default/lwc/taskParentC2/taskParentC2.js","metadata":{"decorators":[{"type":"wire","targets":[{"name":"messageContext","type":"property","static":{},"params":{},"adapter":{"name":"MessageContext","reference":"lightning/messageService"}}]},{"type":"track","targets":[{"name":"filteredJobs","type":"property"},{"name":"startDate","type":"property"},{"name":"endDate","type":"property"},{"name":"selectedStatus","type":"property"},{"name":"active","type":"property"},{"name":"selectedPeriod","type":"property"},{"name":"error","type":"property"},{"name":"selectedJob","type":"property"}]}],"classMembers":[{"name":"filteredJobs","type":"property","decorator":"track","loc":{"start":{"line":7,"column":4},"end":{"line":7,"column":29}}},{"name":"startDate","type":"property","decorator":"track","loc":{"start":{"line":8,"column":4},"end":{"line":8,"column":26}}},{"name":"endDate","type":"property","decorator":"track","loc":{"start":{"line":9,"column":4},"end":{"line":9,"column":24}}},{"name":"selectedStatus","type":"property","decorator":"track","loc":{"start":{"line":10,"column":4},"end":{"line":10,"column":31}}},{"name":"active","type":"property","value":{"type":"boolean","value":false},"decorator":"track","loc":{"start":{"line":11,"column":4},"end":{"line":11,"column":26}}},{"name":"selectedPeriod","type":"property","decorator":"track","loc":{"start":{"line":12,"column":4},"end":{"line":12,"column":36}}},{"name":"error","type":"property","decorator":"track","loc":{"start":{"line":13,"column":4},"end":{"line":13,"column":17}}},{"name":"selectedJob","type":"property","value":{"type":"null","value":null},"decorator":"track","loc":{"start":{"line":14,"column":4},"end":{"line":14,"column":30}}},{"name":"messageContext","type":"property","decorator":"wire","loc":{"start":{"line":16,"column":4},"end":{"line":17,"column":19}}},{"name":"statusOptions","type":"property","loc":{"start":{"line":19,"column":4},"end":{"line":22,"column":6}}},{"name":"periodOptions","type":"property","loc":{"start":{"line":24,"column":4},"end":{"line":30,"column":6}}},{"name":"connectedCallback","type":"method","loc":{"start":{"line":32,"column":4},"end":{"line":35,"column":5}}},{"name":"handleStartDateChange","type":"method","loc":{"start":{"line":37,"column":4},"end":{"line":40,"column":5}}},{"name":"handleEndDateChange","type":"method","loc":{"start":{"line":42,"column":4},"end":{"line":45,"column":5}}},{"name":"handleStatusChange","type":"method","loc":{"start":{"line":47,"column":4},"end":{"line":50,"column":5}}},{"name":"handleActiveChange","type":"method","loc":{"start":{"line":52,"column":4},"end":{"line":55,"column":5}}},{"name":"handlePeriodChange","type":"method","loc":{"start":{"line":57,"column":4},"end":{"line":61,"column":5}}},{"name":"handleJobClick","type":"method","loc":{"start":{"line":67,"column":4},"end":{"line":78,"column":5}}},{"name":"updateDate","type":"method","loc":{"start":{"line":80,"column":4},"end":{"line":123,"column":5}}},{"name":"fetchJob","type":"method","loc":{"start":{"line":125,"column":4},"end":{"line":139,"column":5}}}],"declarationLoc":{"start":{"line":6,"column":0},"end":{"line":140,"column":1}},"doc":"","exports":[{"type":"ExportDefaultDeclaration"}]},"updatedAt":"2024-08-27T12:08:51.284Z"},{"_allAttributes":null,"_properties":null,"_methods":null,"file":"c:/Users/madhu/OneDrive/Documents/Utilitarian/triggerProjectAssignment/force-app/main/default/lwc/taskRecommendedC4/taskRecommendedC4.js","metadata":{"decorators":[{"type":"api","targets":[{"name":"record","type":"property"}]},{"type":"wire","targets":[{"type":"method","name":"wiredData","static":{},"params":{"skills":"jobData.Skills__c"},"adapter":{"name":"getMatchingContactsAndJobs","reference":"@salesforce/apex/LoginController.getMatchingContactsAndJobs"}}]},{"type":"track","targets":[{"name":"recommendedCandidates","type":"property"},{"name":"noRecommendedCandidates","type":"property"},{"name":"isSelectAllChecked","type":"property"},{"name":"jobData","type":"property"},{"name":"wiredInfo","type":"property"},{"name":"jobId","type":"property"},{"name":"currentPage","type":"property"},{"name":"totalRecords","type":"property"},{"name":"showModal","type":"property"},{"name":"pageSize","type":"property"},{"name":"selectedCandidate","type":"property"}]}],"classMembers":[{"name":"recommendedCandidates","type":"property","decorator":"track","loc":{"start":{"line":13,"column":4},"end":{"line":13,"column":38}}},{"name":"noRecommendedCandidates","type":"property","value":{"type":"boolean","value":false},"decorator":"track","loc":{"start":{"line":14,"column":4},"end":{"line":14,"column":43}}},{"name":"isSelectAllChecked","type":"property","value":{"type":"boolean","value":false},"decorator":"track","loc":{"start":{"line":15,"column":4},"end":{"line":15,"column":38}}},{"name":"selectedCandidates","type":"property","value":{"type":"unresolved"},"loc":{"start":{"line":16,"column":4},"end":{"line":16,"column":35}}},{"name":"jobData","type":"property","decorator":"track","loc":{"start":{"line":17,"column":4},"end":{"line":17,"column":19}}},{"name":"wiredInfo","type":"property","decorator":"track","loc":{"start":{"line":18,"column":4},"end":{"line":18,"column":21}}},{"name":"jobId","type":"property","decorator":"track","loc":{"start":{"line":19,"column":4},"end":{"line":19,"column":17}}},{"name":"selectedRows","type":"property","loc":{"start":{"line":20,"column":4},"end":{"line":20,"column":22}}},{"name":"currentPage","type":"property","decorator":"track","loc":{"start":{"line":21,"column":4},"end":{"line":21,"column":27}}},{"name":"totalRecords","type":"property","decorator":"track","loc":{"start":{"line":22,"column":4},"end":{"line":22,"column":24}}},{"name":"showModal","type":"property","value":{"type":"boolean","value":false},"decorator":"track","loc":{"start":{"line":23,"column":4},"end":{"line":23,"column":29}}},{"name":"pageSize","type":"property","decorator":"track","loc":{"start":{"line":24,"column":4},"end":{"line":24,"column":25}}},{"name":"selectedCandidate","type":"property","value":{"type":"object","value":{}},"decorator":"track","loc":{"start":{"line":25,"column":4},"end":{"line":25,"column":34}}},{"name":"columns","type":"property","loc":{"start":{"line":27,"column":4},"end":{"line":51,"column":6}}},{"name":"record","type":"property","decorator":"api","loc":{"start":{"line":61,"column":4},"end":{"line":64,"column":5}}},{"name":"wiredData","type":"method","decorator":"wire","loc":{"start":{"line":70,"column":4},"end":{"line":80,"column":5}}},{"name":"handleNextPage","type":"method","loc":{"start":{"line":82,"column":4},"end":{"line":84,"column":5}}},{"name":"handlePreviousPage","type":"method","loc":{"start":{"line":86,"column":4},"end":{"line":90,"column":5}}},{"name":"getRowActions","type":"method","loc":{"start":{"line":92,"column":4},"end":{"line":101,"column":5}}},{"name":"handleRowAction","type":"method","loc":{"start":{"line":103,"column":4},"end":{"line":111,"column":5}}},{"name":"handleRowSelection","type":"method","loc":{"start":{"line":113,"column":4},"end":{"line":115,"column":5}}},{"name":"removeSelectedContactsFromTable","type":"method","loc":{"start":{"line":117,"column":4},"end":{"line":121,"column":5}}},{"name":"handleInputChange","type":"method","loc":{"start":{"line":123,"column":4},"end":{"line":129,"column":5}}},{"name":"handleModalSave","type":"method","loc":{"start":{"line":131,"column":4},"end":{"line":157,"column":5}}},{"name":"handleModalClose","type":"method","loc":{"start":{"line":159,"column":4},"end":{"line":161,"column":5}}},{"name":"handleCreateJobApplicants","type":"method","loc":{"start":{"line":163,"column":4},"end":{"line":212,"column":5}}}],"declarationLoc":{"start":{"line":12,"column":0},"end":{"line":213,"column":1}},"doc":"","exports":[{"type":"ExportDefaultDeclaration"}]},"updatedAt":"2024-08-29T06:04:12.217Z"},{"_allAttributes":null,"_properties":null,"_methods":null,"file":"c:/Users/madhu/OneDrive/Documents/Utilitarian/triggerProjectAssignment/force-app/main/default/lwc/applicationComponent/applicationComponent.js","metadata":{"decorators":[{"type":"track","targets":[{"name":"applications","type":"property"}]}],"classMembers":[{"name":"applications","type":"property","decorator":"track","loc":{"start":{"line":4,"column":4},"end":{"line":7,"column":6}}},{"name":"columns","type":"property","loc":{"start":{"line":9,"column":4},"end":{"line":14,"column":6}}}],"declarationLoc":{"start":{"line":3,"column":0},"end":{"line":15,"column":1}},"doc":"","exports":[{"type":"ExportDefaultDeclaration"}]},"updatedAt":"2024-08-26T06:18:03.801Z"},{"_allAttributes":null,"_properties":null,"_methods":null,"file":"c:/Users/madhu/OneDrive/Documents/Utilitarian/triggerProjectAssignment/force-app/main/default/lwc/loginPage/loginPage.js","metadata":{"decorators":[],"classMembers":[{"name":"username","type":"property","value":{"type":"string","value":""},"loc":{"start":{"line":5,"column":4},"end":{"line":5,"column":18}}},{"name":"password","type":"property","value":{"type":"string","value":""},"loc":{"start":{"line":6,"column":4},"end":{"line":6,"column":18}}},{"name":"handleInputChange","type":"method","loc":{"start":{"line":8,"column":4},"end":{"line":11,"column":5}}},{"name":"handleLogin","type":"method","loc":{"start":{"line":13,"column":4},"end":{"line":22,"column":5}}}],"declarationLoc":{"start":{"line":4,"column":0},"end":{"line":23,"column":1}},"doc":"","exports":[{"type":"ExportDefaultDeclaration"}]},"updatedAt":"2024-08-26T06:18:03.333Z"},{"_allAttributes":null,"_properties":null,"_methods":null,"file":"c:/Users/madhu/OneDrive/Documents/Utilitarian/triggerProjectAssignment/force-app/main/default/lwc/lwcSh2ConChild/lwcSh2ConChild.js","metadata":{"decorators":[],"classMembers":[],"declarationLoc":{"start":{"line":3,"column":0},"end":{"line":3,"column":63}},"doc":"","exports":[{"type":"ExportDefaultDeclaration"}]},"updatedAt":"2024-08-26T06:18:03.273Z"},{"_allAttributes":null,"_properties":null,"_methods":null,"file":"c:/Users/madhu/OneDrive/Documents/Utilitarian/triggerProjectAssignment/force-app/main/default/lwc/recommendedComponent/recommendedComponent.js","metadata":{"decorators":[],"classMembers":[],"declarationLoc":{"start":{"line":3,"column":0},"end":{"line":3,"column":69}},"doc":"","exports":[{"type":"ExportDefaultDeclaration"}]},"updatedAt":"2024-08-26T06:18:03.301Z"},{"_allAttributes":null,"_properties":null,"_methods":null,"file":"c:/Users/madhu/OneDrive/Documents/Utilitarian/triggerProjectAssignment/force-app/main/default/lwc/recruitingDashboard/recruitingDashboard.js","metadata":{"decorators":[],"classMembers":[],"declarationLoc":{"start":{"line":3,"column":0},"end":{"line":3,"column":68}},"doc":"","exports":[{"type":"ExportDefaultDeclaration"}]},"updatedAt":"2024-08-26T06:18:03.817Z"},{"_allAttributes":null,"_properties":null,"_methods":null,"file":"c:/Users/madhu/OneDrive/Documents/Utilitarian/triggerProjectAssignment/force-app/main/default/lwc/taskRecruitingDashboard/taskRecruitingDashboard.js","metadata":{"decorators":[{"type":"wire","targets":[{"type":"method","name":"wiredJobs","static":{},"params":{},"adapter":{"name":"getJobs","reference":"@salesforce/apex/LoginController.getJobs"}}]},{"type":"track","targets":[{"name":"jobs","type":"property"},{"name":"filteredJobs","type":"property"},{"name":"skillOptions","type":"property"},{"name":"statusOptions","type":"property"}]}],"classMembers":[{"name":"jobs","type":"property","decorator":"track","loc":{"start":{"line":5,"column":4},"end":{"line":5,"column":21}}},{"name":"filteredJobs","type":"property","decorator":"track","loc":{"start":{"line":6,"column":4},"end":{"line":6,"column":29}}},{"name":"skillOptions","type":"property","decorator":"track","loc":{"start":{"line":8,"column":4},"end":{"line":14,"column":6}}},{"name":"statusOptions","type":"property","decorator":"track","loc":{"start":{"line":16,"column":4},"end":{"line":20,"column":6}}},{"name":"selectedSkills","type":"property","loc":{"start":{"line":22,"column":4},"end":{"line":22,"column":24}}},{"name":"selectedStatus","type":"property","value":{"type":"string","value":""},"loc":{"start":{"line":23,"column":4},"end":{"line":23,"column":24}}},{"name":"selectedClient","type":"property","value":{"type":"string","value":""},"loc":{"start":{"line":24,"column":4},"end":{"line":24,"column":24}}},{"name":"selectedCity","type":"property","value":{"type":"string","value":""},"loc":{"start":{"line":25,"column":4},"end":{"line":25,"column":22}}},{"name":"activeOnly","type":"property","value":{"type":"boolean","value":false},"loc":{"start":{"line":26,"column":4},"end":{"line":26,"column":23}}},{"name":"wiredJobs","type":"method","decorator":"wire","loc":{"start":{"line":28,"column":4},"end":{"line":36,"column":5}}},{"name":"handleTemporaryClick","type":"method","loc":{"start":{"line":38,"column":4},"end":{"line":41,"column":5}}},{"name":"handlePermanentClick","type":"method","loc":{"start":{"line":43,"column":4},"end":{"line":46,"column":5}}},{"name":"handleSkillChange","type":"method","loc":{"start":{"line":48,"column":4},"end":{"line":51,"column":5}}},{"name":"handleStatusChange","type":"method","loc":{"start":{"line":53,"column":4},"end":{"line":56,"column":5}}},{"name":"handleClientChange","type":"method","loc":{"start":{"line":58,"column":4},"end":{"line":61,"column":5}}},{"name":"handleCityChange","type":"method","loc":{"start":{"line":63,"column":4},"end":{"line":66,"column":5}}},{"name":"handleActiveChange","type":"method","loc":{"start":{"line":68,"column":4},"end":{"line":71,"column":5}}},{"name":"applyFilters","type":"method","loc":{"start":{"line":73,"column":4},"end":{"line":85,"column":5}}}],"declarationLoc":{"start":{"line":4,"column":0},"end":{"line":86,"column":1}},"doc":"","exports":[{"type":"ExportDefaultDeclaration"}]},"updatedAt":"2024-08-26T06:18:03.760Z"},{"_allAttributes":null,"_properties":null,"_methods":null,"file":"c:/Users/madhu/OneDrive/Documents/Utilitarian/triggerProjectAssignment/force-app/main/default/lwc/customerFeedbackChart/customerFeedbackChart.js","metadata":{"decorators":[],"classMembers":[],"declarationLoc":{"start":{"line":5,"column":0},"end":{"line":80,"column":1}},"doc":"","exports":[{"type":"ExportDefaultDeclaration"}]},"updatedAt":"2024-09-04T05:30:41.762Z"},{"_allAttributes":null,"_properties":null,"_methods":null,"file":"c:/Users/madhu/OneDrive/Documents/Utilitarian/triggerProjectAssignment/force-app/main/default/lwc/dashboard/dashboard.js","metadata":{"decorators":[],"classMembers":[],"declarationLoc":{"start":{"line":10,"column":1},"end":{"line":206,"column":1}},"doc":"","exports":[{"type":"ExportDefaultDeclaration"}]},"updatedAt":"2024-09-03T07:48:39.515Z"},{"_allAttributes":null,"_properties":null,"_methods":null,"file":"c:/Users/madhu/OneDrive/Documents/Utilitarian/triggerProjectAssignment/force-app/main/default/lwc/salesPerformanceChart/salesPerformanceChart.js","metadata":{"decorators":[],"classMembers":[],"declarationLoc":{"start":{"line":5,"column":0},"end":{"line":148,"column":1}},"doc":"","exports":[{"type":"ExportDefaultDeclaration"}]},"updatedAt":"2024-09-03T07:52:15.316Z"},{"_allAttributes":null,"_properties":null,"_methods":null,"file":"c:/Users/madhu/OneDrive/Documents/Utilitarian/triggerProjectAssignment/force-app/main/default/lwc/productInventryTables/productInventryTables.js","metadata":{"decorators":[],"classMembers":[],"declarationLoc":{"start":{"line":4,"column":0},"end":{"line":83,"column":1}},"doc":"","exports":[{"type":"ExportDefaultDeclaration"}]},"updatedAt":"2024-09-03T07:49:42.074Z"}]