<?xml version="1.0" encoding="UTF-8"?>
<LightningMessageChannel xmlns="http://soap.sforce.com/2006/04/metadata">
    <masterLabel>DashboardUpdate</masterLabel>
    <description>Channel for Job selection messages</description>
    <isExposed>true</isExposed>
    <!-- <lightningMessageFields>
        <fieldName>selectedJob</fieldName>
    </lightningMessageFields> -->

</LightningMessageChannel>



<!-- <?xml version="1.0" encoding="UTF-8"?>
<LightningMessageChannel xmlns="http://soap.sforce.com/2006/04/metadata">
    <description>Message Channel for Dashboard Updates</description>
    <isExposed>true</isExposed>
    <masterLabel>DashboardUpdate</masterLabel>
</LightningMessageChannel> -->
