<?xml version="1.0" encoding="UTF-8"?>
<LightningComponentBundle xmlns="http://soap.sforce.com/2006/04/metadata">
    <apiVersion>61.0</apiVersion>
    <isExposed>true</isExposed>
    <targets>
        <target>lightning__AppPage</target>
        <target>lightning__HomePage</target>
        <target>lightning__RecordPage</target>
    </targets>
    <targetConfigs>
        <targetConfig targets="lightning__AppPage, lightning__HomePage, lightning__RecordPage">
            <property name="title" label="Title" type="String" default="Register Form" />
            <property name="showPasswordField" label="Show Password Field" type="Boolean" default="true" />
        </targetConfig>
    </targetConfigs>
</LightningComponentBundle>